province_state,country_region,last_update,lat,long,confirmed,deaths,recovered,active,fips,incident_rate,people_tested,people_hospitalized,mortality_rate,uid,iso3,testing_rate,hospitalization_rate
Australian Capital Territory,Australia,8/27/20 12:30,-35.4735,149.0124,113,3,110,0,,26.39570194,,,2.654867257,3601,AUS,,
New South Wales,Australia,8/27/20 12:30,-33.8688,151.2093,4006,52,2994,960,,49.34712983,,,1.298052921,3602,AUS,,
Northern Territory,Australia,8/27/20 12:30,-12.4634,130.8456,33,0,31,2,,13.43648208,,,0,3603,AUS,,
Queensland,Australia,8/27/20 12:30,-27.4698,153.0251,1110,6,1083,21,,21.69875867,,,0.540540541,3604,AUS,,
South Australia,Australia,8/27/20 12:30,-34.9285,138.6007,463,4,456,3,,26.35923712,,,0.863930886,3605,AUS,,
Tasmania,Australia,8/27/20 12:30,-42.8821,147.3272,230,13,216,1,,42.95051354,,,5.652173913,3606,AUS,,
Victoria,Australia,8/27/20 12:30,-37.8136,144.9631,18714,485,14837,3392,,282.2667009,,,2.59164262,3607,AUS,,
Western Australia,Australia,8/27/20 12:30,-31.9505,115.8605,653,9,637,7,,24.82323424,,,1.378254211,3608,AUS,,
Acre,Brazil,8/27/20 12:30,-9.0238,-70.812,24119,607,18928,4584,,2734.782042,,,2.516688088,7601,BRA,,
Alagoas,Brazil,8/27/20 12:30,-9.5713,-36.782,77317,1844,71917,3556,,2316.713495,,,2.384986484,7602,BRA,,
Amapa,Brazil,8/27/20 12:30,0.902,-52.003,41981,647,30094,11240,,4963.871491,,,1.541173388,7603,BRA,,
Amazonas,Brazil,8/27/20 12:30,-3.4168,-65.8561,117412,3600,98916,14896,,2832.893041,,,3.06612612,7604,BRA,,
Bahia,Brazil,8/27/20 12:30,-12.5797,-41.7007,245021,5116,228006,11899,,1647.414413,,,2.087984295,7605,BRA,,
Ceara,Brazil,8/27/20 12:30,-5.4984,-39.3206,208782,8351,183833,16598,,2286.248541,,,3.999865889,7606,BRA,,
Distrito Federal,Brazil,8/27/20 12:30,-15.7998,-47.8645,155253,2399,135303,17551,,5148.895554,,,1.545219738,7607,BRA,,
Espirito Santo,Brazil,8/27/20 12:30,-19.1834,-40.3089,107909,3086,94437,10386,,2685.205231,,,2.859817068,7608,BRA,,
Goias,Brazil,8/27/20 12:30,-15.827,-49.8362,124593,2888,115546,6159,,1775.245307,,,2.317947236,7609,BRA,,
Maranhao,Brazil,8/27/20 12:30,-4.9609,-45.2744,147676,3390,135853,8433,,2087.239888,,,2.295565969,7610,BRA,,
Mato Grosso,Brazil,8/27/20 12:30,-12.6819,-56.9211,85709,2611,66627,16471,,2459.745625,,,3.046354525,7611,BRA,,
Mato Grosso do Sul,Brazil,8/27/20 12:30,-20.7722,-54.7852,45359,783,37579,6997,,1632.214052,,,1.726228532,7612,BRA,,
Minas Gerais,Brazil,8/27/20 12:30,-18.5122,-44.555,201973,4948,165541,31484,,954.1073933,,,2.449832403,7613,BRA,,
Para,Brazil,8/27/20 12:30,-1.9981,-54.9306,193564,6097,178977,8490,,2249.994624,,,3.149862578,7614,BRA,,
Paraiba,Brazil,8/27/20 12:30,-7.24,-36.782,103213,2371,68072,32770,,2568.684365,,,2.297191245,7615,BRA,,
Parana,Brazil,8/27/20 12:30,-25.2521,-52.0215,122241,3102,80198,38941,,1069.104948,,,2.537610131,7616,BRA,,
Pernambuco,Brazil,8/27/20 12:30,-8.8137,-36.9541,121078,7460,101793,11825,,1266.894428,,,6.161317498,7617,BRA,,
Piaui,Brazil,8/27/20 12:30,-7.7183,-42.7289,74096,1754,71690,652,,2263.69879,,,2.367199309,7618,BRA,,
Rio Grande do Norte,Brazil,8/27/20 12:30,-5.4026,-36.9541,60442,2215,37034,21193,,1723.539595,,,3.664670262,7620,BRA,,
Rio Grande do Sul,Brazil,8/27/20 12:30,-30.0346,-51.2177,115984,3235,105164,7585,,1019.438899,,,2.789177818,7621,BRA,,
Rio de Janeiro,Brazil,8/27/20 12:30,-22.9068,-43.1729,216675,15700,195166,5809,,1254.999799,,,7.245875159,7619,BRA,,
Rondonia,Brazil,8/27/20 12:30,-11.5057,-63.5806,53119,1100,43356,8663,,2988.873103,,,2.070822116,7622,BRA,,
Roraima,Brazil,8/27/20 12:30,-2.7376,-62.0751,42359,582,10626,31151,,6992.691837,,,1.373970113,7623,BRA,,
Santa Catarina,Brazil,8/27/20 12:30,-27.2423,-50.2189,137560,2142,127269,8149,,1919.945154,,,1.557138703,7624,BRA,,
Sao Paulo,Brazil,8/27/20 12:30,-23.5505,-46.6333,776135,29194,592537,154404,,1690.224464,,,3.761459025,7625,BRA,,
Sergipe,Brazil,8/27/20 12:30,-10.5741,-37.3857,71222,1822,59808,9592,,3098.365334,,,2.55819831,7626,BRA,,
Tocantins,Brazil,8/27/20 12:30,-10.1753,-48.2982,46364,621,28177,17566,,2947.739985,,,1.33940126,7627,BRA,,
Alberta,Canada,8/27/20 12:30,53.9333,-116.5765,13210,235,11799,1176,,299.3329475,,,1.778955337,12401,CAN,,
British Columbia,Canada,8/27/20 12:30,53.7267,-127.6476,5304,203,4199,902,,103.7778543,,,3.827300151,12402,CAN,,
Diamond Princess,Canada,8/27/20 12:30,,,0,1,,-1,,,,,,12413,CAN,,
Grand Princess,Canada,8/27/20 12:30,,,13,0,13,0,,,,,0,12414,CAN,,
Manitoba,Canada,8/27/20 12:30,53.7609,-98.8139,1043,13,622,408,,75.71594398,,,1.246404602,12403,CAN,,
New Brunswick,Canada,8/27/20 12:30,46.5653,-66.4619,190,2,180,8,,24.35919297,,,1.052631579,12404,CAN,,
Newfoundland and Labrador,Canada,8/27/20 12:30,53.1355,-57.6604,268,3,265,0,,51.40352728,,,1.119402985,12405,CAN,,
Northwest Territories,Canada,8/27/20 12:30,64.8255,-124.8457,5,0,5,0,,11.13486549,,,0,12406,CAN,,
Nova Scotia,Canada,8/27/20 12:30,44.682,-63.7443,1081,65,1011,5,,110.5931003,,,6.012950971,12407,CAN,,
Ontario,Canada,8/27/20 12:30,51.2538,-85.3232,43658,2848,39628,1182,,296.7544412,,,6.523432132,12408,CAN,,
Prince Edward Island,Canada,8/27/20 12:30,46.5107,-63.4168,44,0,41,3,,27.82028098,,,0,12409,CAN,,
Quebec,Canada,8/27/20 12:30,52.9399,-73.5491,61945,5747,54922,1276,,725.5489024,,,9.277584954,12410,CAN,,
Saskatchewan,Canada,8/27/20 12:30,52.9399,-106.4509,1604,24,1520,60,,135.7405561,,,1.496259352,12411,CAN,,
Yukon,Canada,8/27/20 12:30,64.2823,-135,15,0,15,0,,36.51589659,,,0,12412,CAN,,
Antofagasta,Chile,8/27/20 12:30,-23.6509,-70.3975,17683,428,16469,786,,2910.618994,,,2.420403778,15201,CHL,,
Araucania,Chile,8/27/20 12:30,-38.9489,-72.3311,4989,92,4621,276,,521.1946211,,,1.844056925,15202,CHL,,
Arica y Parinacota,Chile,8/27/20 12:30,-18.594,-69.4785,6375,100,5702,573,,2819.94798,,,1.568627451,15203,CHL,,
Atacama,Chile,8/27/20 12:30,-27.5661,-70.0503,5375,40,4677,658,,1860.22205,,,0.744186047,15204,CHL,,
Aysen,Chile,8/27/20 12:30,-45.9864,-73.7669,110,1,98,11,,106.6325443,,,0.909090909,15205,CHL,,
Biobio,Chile,8/27/20 12:30,-37.4464,-72.1416,16042,191,13958,1893,,1030.443761,,,1.19062461,15206,CHL,,
Coquimbo,Chile,8/27/20 12:30,-29.959,-71.3389,9451,119,8247,1085,,1247.515134,,,1.259126018,15207,CHL,,
Los Lagos,Chile,8/27/20 12:30,-41.9198,-72.1416,6221,66,5475,680,,750.686611,,,1.060922681,15208,CHL,,
Los Rios,Chile,8/27/20 12:30,-40.231,-72.3311,1068,15,1003,50,,277.5200929,,,1.404494382,15209,CHL,,
Magallanes,Chile,8/27/20 12:30,-52.368,-70.9863,3004,34,2237,733,,1803.846685,,,1.131824234,15210,CHL,,
Maule,Chile,8/27/20 12:30,-35.5183,-71.6885,11267,254,10230,783,,1078.233408,,,2.254371172,15211,CHL,,
Metropolitana,Chile,8/27/20 12:30,-33.4376,-70.6505,271016,8402,258015,4599,,3810.253278,,,3.100185967,15212,CHL,,
Nuble,Chile,8/27/20 12:30,-36.7226,-71.7622,4414,75,3932,407,,918.4180904,,,1.699139103,15213,CHL,,
OHiggins,Chile,8/27/20 12:30,-34.5755,-71.0022,12974,324,11949,701,,1418.613424,,,2.497302297,15214,CHL,,
Tarapaca,Chile,8/27/20 12:30,-19.9232,-69.5132,10465,196,9738,531,,3165.858942,,,1.872909699,15215,CHL,,
Unknown,Chile,8/27/20 12:30,,,65,1,64,0,,,,,1.538461538,15217,CHL,,
Valparaiso,Chile,8/27/20 12:30,-33.0472,-71.6127,21846,652,19853,1341,,1203.03849,,,2.98452806,15216,CHL,,
Anhui,China,8/27/20 12:30,31.8257,117.2264,991,6,985,0,,1.567046173,,,0.605449041,15601,CHN,,
Beijing,China,8/27/20 12:30,40.1824,116.4142,935,9,926,0,,4.340761374,,,0.962566845,15602,CHN,,
Chongqing,China,8/27/20 12:30,30.0572,107.874,583,6,577,0,,1.879432624,,,1.02915952,15603,CHN,,
Fujian,China,8/27/20 12:30,26.0789,117.9874,375,1,366,8,,0.951535143,,,0.266666667,15604,CHN,,
Gansu,China,8/27/20 12:30,35.7518,104.2861,169,2,167,0,,0.640879788,,,1.183431953,15605,CHN,,
Guangdong,China,8/27/20 12:30,23.3417,113.4244,1734,8,1706,20,,1.528291909,,,0.461361015,15606,CHN,,
Guangxi,China,8/27/20 12:30,23.8298,108.7881,255,2,253,0,,0.517661389,,,0.784313725,15607,CHN,,
Guizhou,China,8/27/20 12:30,26.8154,106.8748,147,2,145,0,,0.408333333,,,1.360544218,15608,CHN,,
Hainan,China,8/27/20 12:30,19.1959,109.7453,171,6,165,0,,1.830835118,,,3.50877193,15609,CHN,,
Hebei,China,8/27/20 12:30,37.8957,114.9042,362,6,343,13,,0.479089465,,,1.657458564,15610,CHN,,
Heilongjiang,China,8/27/20 12:30,47.862,127.7615,948,13,934,1,,2.512589451,,,1.371308017,15611,CHN,,
Henan,China,8/27/20 12:30,33.882,113.614,1276,22,1254,0,,1.328474753,,,1.724137931,15612,CHN,,
Hong Kong,China,8/27/20 12:30,22.3,114.2,4755,81,4161,513,,63.42547167,,,1.703470032,344,HKG,,
Hubei,China,8/27/20 12:30,30.9756,112.2707,68139,4512,63626,1,,115.1580193,,,6.621758464,15613,CHN,,
Hunan,China,8/27/20 12:30,27.6104,111.7088,1019,4,1015,0,,1.477025656,,,0.392541708,15614,CHN,,
Inner Mongolia,China,8/27/20 12:30,44.0935,113.9448,260,1,257,2,,1.026045777,,,0.384615385,15615,CHN,,
Jiangsu,China,8/27/20 12:30,32.9711,119.455,665,0,657,8,,0.82598435,,,0,15616,CHN,,
Jiangxi,China,8/27/20 12:30,27.614,115.7221,935,1,932,2,,2.0116179,,,0.106951872,15617,CHN,,
Jilin,China,8/27/20 12:30,43.6661,126.1923,157,2,155,0,,0.580621302,,,1.27388535,15618,CHN,,
Liaoning,China,8/27/20 12:30,41.2956,122.6085,262,2,254,6,,0.601055288,,,0.763358779,15619,CHN,,
Macau,China,8/27/20 12:30,22.1667,113.55,46,0,46,0,,7.08409436,,,0,446,MAC,,
Ningxia,China,8/27/20 12:30,37.2692,106.1655,75,0,75,0,,1.090116279,,,0,15620,CHN,,
Qinghai,China,8/27/20 12:30,35.7452,95.9956,18,0,18,0,,0.298507463,,,0,15621,CHN,,
Shaanxi,China,8/27/20 12:30,35.1917,108.8701,364,3,353,8,,0.942028986,,,0.824175824,15622,CHN,,
Shandong,China,8/27/20 12:30,36.3427,118.1498,831,7,801,23,,0.827112571,,,0.842358604,15623,CHN,,
Shanghai,China,8/27/20 12:30,31.202,121.4491,888,7,807,74,,3.663366337,,,0.788288288,15624,CHN,,
Shanxi,China,8/27/20 12:30,37.5777,112.2922,202,0,201,1,,0.543302851,,,0,15625,CHN,,
Sichuan,China,8/27/20 12:30,30.6171,102.7103,644,3,619,22,,0.772089677,,,0.465838509,15626,CHN,,
Tianjin,China,8/27/20 12:30,39.3054,117.323,220,3,203,14,,1.41025641,,,1.363636364,15627,CHN,,
Tibet,China,8/27/20 12:30,31.6927,88.0924,1,0,1,0,,0.029069767,,,0,15628,CHN,,
Xinjiang,China,8/27/20 12:30,41.1129,85.2401,902,3,792,107,,3.62685967,,,0.332594235,15629,CHN,,
Yunnan,China,8/27/20 12:30,24.974,101.487,199,2,189,8,,0.412008282,,,1.005025126,15630,CHN,,
Zhejiang,China,8/27/20 12:30,29.1832,120.0934,1277,1,1268,8,,2.225902039,,,0.078308536,15631,CHN,,
Amazonas,Colombia,8/27/20 12:30,-1.4429,-71.5724,2693,107,2542,44,,3516.170729,,,3.973264018,17001,COL,,
Antioquia,Colombia,8/27/20 12:30,7.1986,-75.3412,74796,1533,54702,18561,,1167.39206,,,2.049574844,17002,COL,,
Arauca,Colombia,8/27/20 12:30,7.0762,-70.7105,788,14,524,250,,300.5637477,,,1.776649746,17003,COL,,
Atlantico,Colombia,8/27/20 12:30,10.6966,-74.8741,63430,2852,55955,4623,,2501.659425,,,4.496295128,17004,COL,,
Bolivar,Colombia,8/27/20 12:30,8.6704,-74.03,24376,688,21051,2637,,1177.521967,,,2.82244831,17005,COL,,
Boyaca,Colombia,8/27/20 12:30,5.4545,-73.362,3395,64,1735,1596,,278.8785059,,,1.885125184,17006,COL,,
Caldas,Colombia,8/27/20 12:30,5.2983,-75.2479,2547,41,1400,1106,,255.1452284,,,1.609736945,17007,COL,,
Capital District,Colombia,8/27/20 12:30,4.711,-74.0721,199324,5160,132641,61523,,2689.001353,,,2.588749975,17008,COL,,
Caqueta,Colombia,8/27/20 12:30,0.8699,-73.8419,5206,177,3463,1566,,1296.673134,,,3.399923166,17009,COL,,
Casanare,Colombia,8/27/20 12:30,5.7589,-71.5724,930,21,575,334,,221.1631756,,,2.258064516,17010,COL,,
Cauca,Colombia,8/27/20 12:30,2.705,-76.826,4542,143,2823,1576,,310.1425208,,,3.148392779,17011,COL,,
Cesar,Colombia,8/27/20 12:30,9.3373,-73.6536,8770,233,5013,3524,,730.4839185,,,2.656784493,17012,COL,,
Choco,Colombia,8/27/20 12:30,5.2528,-76.826,3682,135,3175,372,,688.4482056,,,3.666485606,17013,COL,,
Cordoba,Colombia,8/27/20 12:30,8.0493,-75.574,18335,1144,12857,4334,,1027.295755,,,6.239432779,17014,COL,,
Cundinamarca,Colombia,8/27/20 12:30,5.026,-74.03,20788,590,13939,6259,,712.147061,,,2.838175871,17015,COL,,
Guainia,Colombia,8/27/20 12:30,2.5854,-68.5247,88,2,15,71,,182.8989483,,,2.272727273,17016,COL,,
Guaviare,Colombia,8/27/20 12:30,1.0654,-73.2603,238,1,193,44,,287.5542185,,,0.420168067,17017,COL,,
Huila,Colombia,8/27/20 12:30,2.5359,-75.5277,4050,99,2212,1739,,368.0526652,,,2.444444444,17018,COL,,
La Guajira,Colombia,8/27/20 12:30,11.3548,-72.5205,4631,213,3269,1149,,525.9153266,,,4.599438566,17019,COL,,
Magdalena,Colombia,8/27/20 12:30,10.4113,-74.4057,11707,626,8773,2308,,872.5198361,,,5.347228154,17020,COL,,
Meta,Colombia,8/27/20 12:30,3.272,-73.0877,7650,158,5100,2392,,735.773601,,,2.065359477,17021,COL,,
Narino,Colombia,8/27/20 12:30,1.2892,-77.3579,13392,468,10174,2750,,821.2968051,,,3.494623656,17022,COL,,
Norte de Santander,Colombia,8/27/20 12:30,7.9463,-72.8988,10075,563,6057,3455,,675.4088821,,,5.58808933,17023,COL,,
Putumayo,Colombia,8/27/20 12:30,0.436,-75.5277,2611,125,1722,764,,749.8951698,,,4.787437763,17024,COL,,
Quindio,Colombia,8/27/20 12:30,4.461,-75.6674,1021,29,568,424,,189.1076932,,,2.840352595,17025,COL,,
Risaralda,Colombia,8/27/20 12:30,5.3158,-75.9928,5396,86,2956,2354,,571.9731058,,,1.593773165,17026,COL,,
San Andres y Providencia,Colombia,8/27/20 12:30,12.5567,-81.7185,172,1,71,100,,280.6788512,,,0.581395349,17027,COL,,
Santander,Colombia,8/27/20 12:30,6.6437,-73.6536,15424,643,8478,6303,,705.9565542,,,4.168827801,17028,COL,,
Sucre,Colombia,8/27/20 12:30,8.814,-74.7233,10999,467,8294,2238,,1215.543126,,,4.245840531,17029,COL,,
Tolima,Colombia,8/27/20 12:30,4.0925,-75.1545,6238,159,3975,2104,,468.9566204,,,2.548893876,17030,COL,,
Valle del Cauca,Colombia,8/27/20 12:30,3.8009,-76.6413,44694,1640,32756,10298,,998.5509014,,,3.66939634,17031,COL,,
Vaupes,Colombia,8/27/20 12:30,0.8554,-70.812,234,1,101,132,,573.5715861,,,0.427350427,17032,COL,,
Vichada,Colombia,8/27/20 12:30,4.4234,-69.2878,21,1,5,15,,19.47907391,,,4.761904762,17033,COL,,
Faroe Islands,Denmark,8/27/20 12:30,61.8926,-6.9118,411,0,358,53,,841.0928067,,,0,234,FRO,,
Greenland,Denmark,8/27/20 12:30,71.7069,-42.6043,14,0,14,0,,24.66004368,,,0,304,GRL,,
French Guiana,France,8/27/20 12:30,4,-53,8936,56,8461,419,,2991.810688,,,0.626678603,254,GUF,,
French Polynesia,France,8/27/20 12:30,-17.6797,-149.4068,415,0,202,213,,147.7373053,,,0,258,PYF,,
Guadeloupe,France,8/27/20 12:30,16.265,-61.551,935,15,289,631,,233.6758079,,,1.604278075,312,GLP,,
Martinique,France,8/27/20 12:30,14.6415,-61.0242,596,16,98,482,,158.8210998,,,2.684563758,474,MTQ,,
Mayotte,France,8/27/20 12:30,-12.8275,45.166244,3237,39,2964,234,,1186.527035,,,1.204819277,175,MYT,,
New Caledonia,France,8/27/20 12:30,-20.904305,165.618042,23,0,23,0,,8.056295995,,,0,540,NCL,,
Reunion,France,8/27/20 12:30,-21.1151,55.5364,1372,6,692,674,,153.2433531,,,0.437317784,638,REU,,
Saint Barthelemy,France,8/27/20 12:30,17.9,-62.8333,17,0,9,8,,171.9777441,,,0,652,BLM,,
Saint Pierre and Miquelon,France,8/27/20 12:30,46.8852,-56.3159,5,0,1,4,,86.28127696,,,0,666,SPM,,
St Martin,France,8/27/20 12:30,18.0708,-63.0501,198,5,52,141,,512.1705166,,,2.525252525,663,MAF,,
Baden-Wurttemberg,Germany,8/27/20 12:30,48.6616,9.3501,40964,1863,36481,2620,,370.0607785,,,4.547895713,27601,DEU,,
Bayern,Germany,8/27/20 12:30,48.7904,11.4979,56191,2635,50014,3542,,429.7025225,,,4.689363065,27602,DEU,,
Berlin,Germany,8/27/20 12:30,52.52,13.405,10934,226,10005,703,,299.9868855,,,2.066947137,27603,DEU,,
Brandenburg,Germany,8/27/20 12:30,52.4125,12.5316,3881,173,3523,185,,154.5035127,,,4.457614017,27604,DEU,,
Bremen,Germany,8/27/20 12:30,53.0793,8.8017,1947,56,1785,106,,285.0717291,,,2.876219825,27605,DEU,,
Hamburg,Germany,8/27/20 12:30,53.5511,9.9937,6166,266,5423,477,,334.8941086,,,4.31397989,27606,DEU,,
Hessen,Germany,8/27/20 12:30,50.6521,9.1624,15105,529,12816,1760,,241.0702273,,,3.502151605,27607,DEU,,
Mecklenburg-Vorpommern,Germany,8/27/20 12:30,53.6127,12.4296,999,20,932,47,,62.06221753,,,2.002002002,27608,DEU,,
Niedersachsen,Germany,8/27/20 12:30,52.6367,9.8451,16463,661,14630,1172,,206.2399905,,,4.015064083,27609,DEU,,
Nordrhein-Westfalen,Germany,8/27/20 12:30,51.4332,7.6616,57826,1807,51884,4135,,322.4620833,,,3.124891917,27610,DEU,,
Rheinland-Pfalz,Germany,8/27/20 12:30,50.1183,7.309,8851,243,7798,810,,216.6790213,,,2.745452491,27611,DEU,,
Saarland,Germany,8/27/20 12:30,49.3964,7.023,3095,174,2805,116,,312.4656111,,,5.621970921,27612,DEU,,
Sachsen,Germany,8/27/20 12:30,51.1045,13.2017,5866,225,5452,189,,143.8472443,,,3.835663144,27613,DEU,,
Sachsen-Anhalt,Germany,8/27/20 12:30,51.9503,11.6923,2212,65,2025,122,,100.1665972,,,2.938517179,27614,DEU,,
Schleswig-Holstein,Germany,8/27/20 12:30,54.2194,9.6961,3981,160,3595,226,,137.4316812,,,4.019090681,27615,DEU,,
Thuringen,Germany,8/27/20 12:30,51.011,10.8453,3585,186,3296,103,,167.2775291,,,5.188284519,27616,DEU,,
Unknown,Germany,8/27/20 12:30,,,1052,0,,1052,,,,,0,27617,DEU,,
Andaman and Nicobar Islands,India,8/27/20 12:30,11.225999,92.968178,2985,41,2309,635,,715.7655454,,,1.373534338,35601,IND,,
Andhra Pradesh,India,8/27/20 12:30,15.9129,79.74,382469,3541,286720,92208,,709.5453156,,,0.925826668,35602,IND,,
Arunachal Pradesh,India,8/27/20 12:30,27.768456,96.384277,3555,5,2563,987,,226.3670853,,,0.140646976,35603,IND,,
Assam,India,8/27/20 12:30,26.357149,92.830441,96771,274,76962,19535,,271.7749151,,,0.283142677,35604,IND,,
Bihar,India,8/27/20 12:30,25.679658,85.60484,126714,530,106361,19823,,101.5337141,,,0.418264754,35605,IND,,
Chandigarh,India,8/27/20 12:30,30.733839,76.768278,3376,41,1796,1539,,291.4180995,,,1.214454976,35606,IND,,
Chhattisgarh,India,8/27/20 12:30,21.264705,82.035366,24550,231,14145,10174,,83.40062286,,,0.940936864,35607,IND,,
Dadra and Nagar Haveli and Daman and Diu,India,8/27/20 12:30,20.194742,73.080901,2228,2,1862,364,,361.8504395,,,0.089766607,35608,IND,,
Delhi,India,8/27/20 12:30,28.646519,77.10898,165764,4347,148897,12520,,885.9210679,,,2.622402934,35609,IND,,
Goa,India,8/27/20 12:30,15.359682,74.057396,15027,165,11511,3351,,947.3286052,,,1.098023558,35610,IND,,
Gujarat,India,8/27/20 12:30,22.694884,71.590923,89994,2945,72282,14767,,140.8965397,,,3.272440385,35611,IND,,
Haryana,India,8/27/20 12:30,29.20004,76.332824,58005,634,47613,9758,,205.6572715,,,1.093009223,35612,IND,,
Himachal Pradesh,India,8/27/20 12:30,31.927213,77.233081,5321,32,3810,1479,,71.40408121,,,0.601390716,35613,IND,,
Jammu and Kashmir,India,8/27/20 12:30,33.75943,76.612638,34480,657,26193,7630,,253.4116499,,,1.905452436,35614,IND,,
Jharkhand,India,8/27/20 12:30,23.654536,85.557631,33046,362,22349,10335,,85.62482387,,,1.095442716,35615,IND,,
Karnataka,India,8/27/20 12:30,14.70518,76.166436,300406,5091,211688,83627,,444.6330035,,,1.694706497,35616,IND,,
Kerala,India,8/27/20 12:30,10.450898,76.405749,64355,257,41690,22408,,180.268919,,,0.39934737,35617,IND,,
Ladakh,India,8/27/20 12:30,34.1526,77.5771,2451,25,1580,846,,893.5830456,,,1.01999184,35618,IND,,
Lakshadweep,India,8/27/20 12:30,13.6999972,72.1833326,0,0,,0,,0,,,,35637,IND,,
Madhya Pradesh,India,8/27/20 12:30,23.541513,78.289633,56864,1282,43246,12336,,66.61749003,,,2.25450197,35619,IND,,
Maharashtra,India,8/27/20 12:30,19.449759,76.108221,718711,23089,522427,173195,,583.6335497,,,3.212556925,35620,IND,,
Manipur,India,8/27/20 12:30,24.738975,93.882541,5585,25,3829,1731,,180.6540096,,,0.447627574,35621,IND,,
Meghalaya,India,8/27/20 12:30,25.536934,91.278882,2050,8,874,1168,,60.89030537,,,0.390243902,35622,IND,,
Mizoram,India,8/27/20 12:30,23.309381,92.83822,967,0,473,494,,78.03144498,,,0,35623,IND,,
Nagaland,India,8/27/20 12:30,26.06702,94.470302,3778,9,2611,1158,,167.9338755,,,0.238221281,35624,IND,,
Odisha,India,8/27/20 12:30,20.505428,84.418059,87602,441,62813,24348,,188.9752542,,,0.503413164,35625,IND,,
Puducherry,India,8/27/20 12:30,11.882658,78.86498,11930,180,7486,4264,,843.9791672,,,1.508801341,35626,IND,,
Punjab,India,8/27/20 12:30,30.841465,75.40879,46090,1219,30231,14640,,152.9127422,,,2.644825342,35627,IND,,
Rajasthan,India,8/27/20 12:30,26.583423,73.847973,74670,992,59579,14099,,92.14799721,,,1.32851212,35628,IND,,
Sikkim,India,8/27/20 12:30,27.571671,88.472712,1486,3,1076,407,,215.2840054,,,0.201884253,35629,IND,,
Tamil Nadu,India,8/27/20 12:30,11.006091,78.400624,397261,6839,338060,52362,,510.3475513,,,1.721538233,35630,IND,,
Telangana,India,8/27/20 12:30,18.1124,79.0193,114483,788,86095,27600,,290.841093,,,0.688311802,35631,IND,,
Tripura,India,8/27/20 12:30,23.746783,91.743565,9908,85,6697,3126,,237.6136567,,,0.857892612,35632,IND,,
Unknown,India,8/27/20 12:30,,,0,0,,0,,,,,,35636,IND,,
Uttar Pradesh,India,8/27/20 12:30,26.925425,80.560982,203028,3149,148562,51317,,85.34793773,,,1.551017594,35633,IND,,
Uttarakhand,India,8/27/20 12:30,30.156447,79.197608,16549,219,11524,4806,,147.0910041,,,1.3233428,35634,IND,,
West Bengal,India,8/27/20 12:30,23.814082,87.979803,147775,2964,117857,26954,,148.354617,,,2.005751988,35635,IND,,
Abruzzo,Italy,8/27/20 12:30,42.35122196,13.39843823,3687,472,2849,366,,281.1113314,,,12.80173583,38013,ITA,,
Basilicata,Italy,8/27/20 12:30,40.63947052,15.80514834,508,28,406,74,,90.25190586,,,5.511811024,38017,ITA,,
Calabria,Italy,8/27/20 12:30,38.90597598,16.59440194,1416,97,1146,173,,72.72237975,,,6.850282486,38018,ITA,,
Campania,Italy,8/27/20 12:30,40.83956555,14.25084984,6111,443,4373,1295,,105.3313413,,,7.249222713,38015,ITA,,
Emilia-Romagna,Italy,8/27/20 12:30,44.49436681,11.3417208,31214,4458,24455,2301,,699.9475499,,,14.28205292,38008,ITA,,
Friuli Venezia Giulia,Italy,8/27/20 12:30,45.6494354,13.76813649,3684,348,3015,321,,303.1549843,,,9.446254072,38006,ITA,,
Lazio,Italy,8/27/20 12:30,41.89277044,12.48366722,10398,876,7110,2412,,176.8643472,,,8.424697057,38012,ITA,,
Liguria,Italy,8/27/20 12:30,44.41149315,8.9326992,10724,1571,8713,440,,691.5854099,,,14.64938456,38007,ITA,,
Lombardia,Italy,8/27/20 12:30,45.46679409,9.190347404,98814,16857,75988,5969,,982.1904794,,,17.05932358,38003,ITA,,
Marche,Italy,8/27/20 12:30,43.61675973,13.5188753,7133,987,5905,241,,467.6546004,,,13.83709519,38011,ITA,,
Molise,Italy,8/27/20 12:30,41.55774754,14.65916051,520,23,432,65,,170.147603,,,4.423076923,38014,ITA,,
P.A. Bolzano,Italy,8/27/20 12:30,46.49933453,11.35662422,2898,292,2428,178,,544.4114232,,,10.07591442,38041,ITA,,
P.A. Trento,Italy,8/27/20 12:30,46.06893511,11.12123097,5039,405,4587,47,,930.7041879,,,8.03730899,38042,ITA,,
Piemonte,Italy,8/27/20 12:30,45.0732745,7.680687483,32515,4144,27163,1208,,746.3721242,,,12.74488698,38001,ITA,,
Puglia,Italy,8/27/20 12:30,41.12559576,16.86736689,5170,555,4018,597,,128.3179943,,,10.73500967,38016,ITA,,
Sardegna,Italy,8/27/20 12:30,39.21531192,9.110616306,1912,134,1265,513,,116.6144484,,,7.008368201,38020,ITA,,
Sicilia,Italy,8/27/20 12:30,38.11569725,13.3623567,4124,286,2858,980,,82.4817981,,,6.935014549,38019,ITA,,
Toscana,Italy,8/27/20 12:30,43.76923077,11.25588885,11414,1140,9083,1191,,306.0348168,,,9.987734361,38009,ITA,,
Umbria,Italy,8/27/20 12:30,43.10675841,12.38824698,1699,80,1407,212,,192.6271095,,,4.708652148,38010,ITA,,
Valle d'Aosta,Italy,8/27/20 12:30,45.73750286,7.320149366,1223,146,1065,12,,973.214712,,,11.93785773,38002,ITA,,
Veneto,Italy,8/27/20 12:30,45.43490485,12.33845213,22337,2116,18063,2158,,455.313183,,,9.473071585,38005,ITA,,
Aichi,Japan,8/27/20 12:30,35.035551,137.211621,4366,60,3329,977,,57.81067045,,,1.374255612,39201,JPN,,
Akita,Japan,8/27/20 12:30,39.748679,140.408228,48,0,41,7,,4.966424898,,,0,39202,JPN,,
Aomori,Japan,8/27/20 12:30,40.781541,140.828896,38,1,32,5,,3.048851425,,,2.631578947,39203,JPN,,
Chiba,Japan,8/27/20 12:30,35.510141,140.198917,2921,61,2385,475,,46.66594881,,,2.088325916,39204,JPN,,
Ehime,Japan,8/27/20 12:30,33.624835,132.856842,114,6,100,8,,8.512449457,,,5.263157895,39205,JPN,,
Fukui,Japan,8/27/20 12:30,35.846614,136.224654,190,8,145,37,,24.74161292,,,4.210526316,39206,JPN,,
Fukuoka,Japan,8/27/20 12:30,33.526032,130.666949,4348,52,3303,993,,85.19344575,,,1.195952162,39207,JPN,,
Fukushima,Japan,8/27/20 12:30,37.378867,140.223295,142,0,98,44,,7.694312548,,,0,39208,JPN,,
Gifu,Japan,8/27/20 12:30,35.778671,137.055925,551,9,498,44,,27.73601156,,,1.633393829,39209,JPN,,
Gunma,Japan,8/27/20 12:30,36.504479,138.985605,426,19,260,147,,21.93099869,,,4.460093897,39210,JPN,,
Hiroshima,Japan,8/27/20 12:30,34.605309,132.788719,451,3,427,21,,16.08315024,,,0.66518847,39211,JPN,,
Hokkaido,Japan,8/27/20 12:30,43.385711,142.552318,1731,103,1488,140,,32.97112084,,,5.950317735,39212,JPN,,
Hyogo,Japan,8/27/20 12:30,35.039913,134.828057,2212,51,1878,283,,40.46694315,,,2.305605787,39213,JPN,,
Ibaraki,Japan,8/27/20 12:30,36.303588,140.319591,532,12,438,82,,18.59940209,,,2.255639098,39214,JPN,,
Ishikawa,Japan,8/27/20 12:30,36.769464,136.771027,606,33,406,167,,53.26774779,,,5.445544554,39215,JPN,,
Iwate,Japan,8/27/20 12:30,39.593287,141.361777,13,0,7,6,,1.059653607,,,0,39216,JPN,,
Kagawa,Japan,8/27/20 12:30,34.217292,133.969047,75,1,63,11,,7.842341744,,,1.333333333,39217,JPN,,
Kagoshima,Japan,8/27/20 12:30,31.009484,130.430665,351,11,274,66,,21.90637925,,,3.133903134,39218,JPN,,
Kanagawa,Japan,8/27/20 12:30,35.415312,139.338983,4669,116,3916,637,,50.75955604,,,2.48447205,39219,JPN,,
Kochi,Japan,8/27/20 12:30,33.422519,133.367307,118,3,96,19,,16.90474178,,,2.542372881,39220,JPN,,
Kumamoto,Japan,8/27/20 12:30,32.608154,130.745231,487,7,391,89,,27.86731496,,,1.437371663,39221,JPN,,
Kyoto,Japan,8/27/20 12:30,35.253815,135.443341,1401,22,1102,277,,54.24015963,,,1.570306924,39222,JPN,,
Mie,Japan,8/27/20 12:30,34.508018,136.376013,359,2,262,95,,20.15855065,,,0.557103064,39223,JPN,,
Miyagi,Japan,8/27/20 12:30,38.446859,140.927086,193,2,184,7,,8.368146412,,,1.03626943,39224,JPN,,
Miyazaki,Japan,8/27/20 12:30,32.193204,131.299374,352,1,251,100,,32.79601901,,,0.284090909,39225,JPN,,
Nagano,Japan,8/27/20 12:30,36.132134,138.045528,199,0,150,49,,9.713050142,,,0,39226,JPN,,
Nagasaki,Japan,8/27/20 12:30,33.235712,129.608033,219,3,36,180,,16.50931306,,,1.369863014,39227,JPN,,
Nara,Japan,8/27/20 12:30,34.317451,135.871644,506,5,389,112,,38.04159465,,,0.988142292,39228,JPN,,
Niigata,Japan,8/27/20 12:30,37.521819,138.918647,140,0,128,12,,6.297495486,,,0,39229,JPN,,
Oita,Japan,8/27/20 12:30,33.200697,131.43324,144,1,102,41,,12.6823752,,,0.694444444,39230,JPN,,
Okayama,Japan,8/27/20 12:30,34.89246,133.826252,143,0,110,33,,7.567795274,,,0,39231,JPN,,
Okinawa,Japan,8/27/20 12:30,25.768923,126.668016,2017,25,1490,502,,138.8001938,,,1.239464551,39232,JPN,,
Osaka,Japan,8/27/20 12:30,34.620965,135.507481,8233,136,6443,1654,,93.45738165,,,1.65188874,39233,JPN,,
Port Quarantine,Japan,8/27/20 12:30,,,764,1,514,249,,,,,0.130890052,39248,JPN,,
Saga,Japan,8/27/20 12:30,33.286977,130.115738,227,0,192,35,,27.86264086,,,0,39234,JPN,,
Saitama,Japan,8/27/20 12:30,35.997101,139.347635,3753,87,3026,640,,51.06335734,,,2.318145484,39235,JPN,,
Shiga,Japan,8/27/20 12:30,35.215827,136.138064,428,4,320,104,,30.26996138,,,0.934579439,39236,JPN,,
Shimane,Japan,8/27/20 12:30,35.07076,132.554064,136,0,77,59,,20.1676884,,,0,39237,JPN,,
Shizuoka,Japan,8/27/20 12:30,34.916975,138.407784,472,1,395,76,,12.95447709,,,0.211864407,39238,JPN,,
Tochigi,Japan,8/27/20 12:30,36.689912,139.819213,295,1,270,24,,15.25343978,,,0.338983051,39239,JPN,,
Tokushima,Japan,8/27/20 12:30,33.919178,134.242091,123,4,44,75,,16.8961382,,,3.25203252,39240,JPN,,
Tokyo,Japan,8/27/20 12:30,35.711343,139.446921,20106,356,16693,3057,,144.4327759,,,1.770615737,39241,JPN,,
Tottori,Japan,8/27/20 12:30,35.359069,133.863619,22,0,19,3,,3.959982576,,,0,39242,JPN,,
Toyama,Japan,8/27/20 12:30,36.637464,137.269346,368,23,272,73,,35.26586437,,,6.25,39243,JPN,,
Unknown,Japan,8/27/20 12:30,,,8,0,8,0,,,,,0,39249,JPN,,
Wakayama,Japan,8/27/20 12:30,33.911879,135.505446,228,5,203,20,,24.65043414,,,2.192982456,39244,JPN,,
Yamagata,Japan,8/27/20 12:30,38.448396,140.102154,77,1,76,0,,7.145070922,,,1.298701299,39245,JPN,,
Yamaguchi,Japan,8/27/20 12:30,34.20119,131.573293,141,0,77,64,,10.38034772,,,0,39246,JPN,,
Yamanashi,Japan,8/27/20 12:30,35.612364,138.611489,172,1,131,40,,21.20953541,,,0.581395349,39247,JPN,,
Aguascalientes,Mexico,8/27/20 12:30,21.8853,-102.2916,5319,384,4553,382,,370.7563248,,,7.219402143,48401,MEX,,
Baja California,Mexico,8/27/20 12:30,30.8406,-115.2838,16235,3078,12446,711,,446.6462056,,,18.95903911,48402,MEX,,
Baja California Sur,Mexico,8/27/20 12:30,26.0444,-111.6661,7195,334,5927,934,,894.1131441,,,4.642112578,48403,MEX,,
Campeche,Mexico,8/27/20 12:30,19.8301,-90.5349,5442,741,4522,179,,543.8644356,,,13.61631753,48404,MEX,,
Chiapas,Mexico,8/27/20 12:30,16.7569,-93.1292,6217,997,5094,126,,108.4921786,,,16.03667364,48405,MEX,,
Chihuahua,Mexico,8/27/20 12:30,28.633,-106.0691,7477,1108,5822,547,,196.6861915,,,14.81877758,48406,MEX,,
Ciudad de Mexico,Mexico,8/27/20 12:30,19.4326,-99.1332,94200,10325,77836,6039,,1044.502805,,,10.96072187,48407,MEX,,
Coahuila,Mexico,8/27/20 12:30,27.0587,-101.7068,20506,1295,16914,2297,,637.0855495,,,6.315224812,48408,MEX,,
Colima,Mexico,8/27/20 12:30,19.1223,-104.0072,3413,401,2428,584,,434.6923466,,,11.74919426,48409,MEX,,
Durango,Mexico,8/27/20 12:30,24.5593,-104.6588,6029,403,4891,735,,322.5796096,,,6.684358932,48410,MEX,,
Guanajuato,Mexico,8/27/20 12:30,21.019,-101.2574,29602,1639,25028,2935,,475.2917187,,,5.536788055,48411,MEX,,
Guerrero,Mexico,8/27/20 12:30,17.4392,-99.5451,14337,1614,11885,838,,392.0375122,,,11.25758527,48412,MEX,,
Hidalgo,Mexico,8/27/20 12:30,20.0911,-98.7624,9822,1519,7389,914,,318.2333932,,,15.46528202,48413,MEX,,
Jalisco,Mexico,8/27/20 12:30,20.6595,-103.3494,19033,2311,14968,1754,,226.3221737,,,12.14206904,48414,MEX,,
Mexico,Mexico,8/27/20 12:30,19.4969,-99.7233,65787,7823,54304,3660,,377.4833183,,,11.89140712,48415,MEX,,
Michoacan,Mexico,8/27/20 12:30,19.5665,-101.7068,14144,1095,11668,1381,,293.1155359,,,7.741798643,48416,MEX,,
Morelos,Mexico,8/27/20 12:30,18.6813,-99.1013,5035,948,3801,286,,246.3237345,,,18.82820258,48417,MEX,,
Nayarit,Mexico,8/27/20 12:30,21.7514,-104.8455,4754,558,3783,413,,368.9358212,,,11.73748422,48418,MEX,,
Nuevo Leon,Mexico,8/27/20 12:30,25.5922,-99.9962,27314,2100,22481,2733,,486.8672922,,,7.688364941,48419,MEX,,
Oaxaca,Mexico,8/27/20 12:30,17.0732,-96.7266,13176,1214,11409,553,,317.9848986,,,9.213721919,48420,MEX,,
Puebla,Mexico,8/27/20 12:30,19.0414,-98.2063,25951,3397,21209,1345,,392.9319788,,,13.09005433,48421,MEX,,
Queretaro,Mexico,8/27/20 12:30,20.5888,-100.3899,5848,682,4531,635,,256.5320707,,,11.6621067,48422,MEX,,
Quintana Roo,Mexico,8/27/20 12:30,19.1817,-88.4791,9995,1351,7960,684,,580.0056753,,,13.51675838,48423,MEX,,
San Luis Potosi,Mexico,8/27/20 12:30,22.1565,-100.9855,16847,1061,14402,1384,,587.7936264,,,6.297857185,48424,MEX,,
Sinaloa,Mexico,8/27/20 12:30,25.1721,-107.4795,15647,2709,12278,660,,495.6799467,,,17.31322298,48425,MEX,,
Sonora,Mexico,8/27/20 12:30,29.2972,-110.3309,21027,2579,17541,907,,683.8615885,,,12.26518286,48426,MEX,,
Tabasco,Mexico,8/27/20 12:30,17.8409,-92.6189,27448,2506,23946,996,,1067.066,,,9.129991256,48427,MEX,,
Tamaulipas,Mexico,8/27/20 12:30,24.2669,-98.8363,23655,1737,20589,1329,,647.9753202,,,7.343056436,48428,MEX,,
Tlaxcala,Mexico,8/27/20 12:30,19.3139,-98.2404,6001,875,4916,210,,434.8516063,,,14.58090318,48429,MEX,,
Veracruz,Mexico,8/27/20 12:30,19.1738,-96.1342,27520,3577,22536,1407,,322.2534509,,,12.99781977,48430,MEX,,
Yucatan,Mexico,8/27/20 12:30,20.7099,-89.0943,14059,1268,11405,1386,,622.3280265,,,9.019133651,48431,MEX,,
Zacatecas,Mexico,8/27/20 12:30,22.7709,-102.5832,4853,447,3735,671,,291.2220525,,,9.210797445,48432,MEX,,
Aruba,Netherlands,8/27/20 12:30,12.5211,-69.9683,1760,8,587,1165,,1648.464867,,,0.454545455,533,ABW,,
"Bonaire, Sint Eustatius and Saba",Netherlands,8/27/20 12:30,12.1784,-68.2385,13,0,7,6,,49.57858205,,,0,535,BES,,
Curacao,Netherlands,8/27/20 12:30,12.1696,-68.99,53,1,34,18,,32.29737965,,,1.886792453,531,CUW,,
Drenthe,Netherlands,8/27/20 12:30,52.862485,6.618435,605,41,,564,,122.5485231,,,6.776859504,52801,NLD,,
Flevoland,Netherlands,8/27/20 12:30,52.550383,5.515162,1279,94,,1185,,302.349056,,,7.34949179,52802,NLD,,
Friesland,Netherlands,8/27/20 12:30,53.087337,5.7925,804,69,,735,,123.700491,,,8.582089552,52803,NLD,,
Gelderland,Netherlands,8/27/20 12:30,52.061738,5.939114,7315,688,,6627,,350.6792103,,,9.405331511,52804,NLD,,
Groningen,Netherlands,8/27/20 12:30,53.217922,6.741514,574,19,,555,,97.97462218,,,3.31010453,52805,NLD,,
Limburg,Netherlands,8/27/20 12:30,51.209227,5.93387,5339,755,,4584,,477.8907287,,,14.14122495,52806,NLD,,
Noord-Brabant,Netherlands,8/27/20 12:30,51.561174,5.184942,11906,1547,,10359,,464.5419057,,,12.99344868,52807,NLD,,
Noord-Holland,Netherlands,8/27/20 12:30,52.600906,4.918688,11903,825,,11078,,413.3665008,,,6.931025792,52808,NLD,,
Overijssel,Netherlands,8/27/20 12:30,52.444558,6.441722,3460,314,,3146,,297.6584773,,,9.075144509,52809,NLD,,
Sint Maarten,Netherlands,8/27/20 12:30,18.0425,-63.0548,442,17,179,246,,1030.735507,,,3.846153846,534,SXM,,
Unknown,Netherlands,8/27/20 12:30,,,609,18,,591,,,,,2.955665025,52813,NLD,,
Utrecht,Netherlands,8/27/20 12:30,52.084251,5.163824,5316,433,,4883,,392.3727925,,,8.145221971,52810,NLD,,
Zeeland,Netherlands,8/27/20 12:30,51.47936,3.861559,1032,72,,960,,269.1088117,,,6.976744186,52811,NLD,,
Zuid-Holland,Netherlands,8/27/20 12:30,51.937835,4.462114,18482,1343,,17139,,498.3422745,,,7.266529596,52812,NLD,,
Azad Jammu and Kashmir,Pakistan,8/27/20 12:30,34.027401,73.947253,2272,61,2090,121,,56.16302703,,,2.684859155,58601,PAK,,
Balochistan,Pakistan,8/27/20 12:30,28.328492,65.898403,12721,141,11614,966,,103.0507093,,,1.108403427,58602,PAK,,
Gilgit-Baltistan,Pakistan,8/27/20 12:30,35.792146,74.982138,2773,67,2389,317,,273.5836398,,,2.416155788,58603,PAK,,
Islamabad,Pakistan,8/27/20 12:30,33.665087,73.121219,15562,175,14884,503,,775.5515376,,,1.124534122,58604,PAK,,
Khyber Pakhtunkhwa,Pakistan,8/27/20 12:30,34.485332,72.09169,35893,1249,33640,1004,,117.591861,,,3.479787145,58605,PAK,,
Punjab,Pakistan,8/27/20 12:30,30.811346,72.139132,96540,2193,92393,1954,,87.75371062,,,2.271597265,58606,PAK,,
Sindh,Pakistan,8/27/20 12:30,26.009446,68.776807,128877,2388,122551,3938,,269.1326541,,,1.852929537,58607,PAK,,
Amazonas,Peru,8/27/20 12:30,-5.077253,-78.050172,9760,190,,9570,,2286.78538,,,1.946721311,60401,PER,,
Ancash,Peru,8/27/20 12:30,-9.407125,-77.671795,17170,1138,,16032,,1454.345248,,,6.627839255,60402,PER,,
Apurimac,Peru,8/27/20 12:30,-14.027713,-72.975378,2387,60,,2327,,554.2140701,,,2.513615417,60403,PER,,
Arequipa,Peru,8/27/20 12:30,-15.843524,-72.475539,29857,1095,,28762,,1993.9228,,,3.667481663,60404,PER,,
Ayacucho,Peru,8/27/20 12:30,-14.091648,-74.08344,7263,251,,7012,,1086.950015,,,3.455872229,60405,PER,,
Cajamarca,Peru,8/27/20 12:30,-6.430284,-78.745596,13654,375,,13279,,939.258444,,,2.746447927,60406,PER,,
Callao,Peru,8/27/20 12:30,-11.954609,-77.136042,26346,1534,,24812,,2331.710771,,,5.822515752,60407,PER,,
Cusco,Peru,8/27/20 12:30,-13.191068,-72.153609,12648,273,,12375,,931.9873259,,,2.158444023,60408,PER,,
Huancavelica,Peru,8/27/20 12:30,-13.023888,-75.00277,4258,76,,4182,,1165.617301,,,1.784875528,60409,PER,,
Huanuco,Peru,8/27/20 12:30,-9.421676,-76.040642,11105,318,,10787,,1460.607655,,,2.863574966,60410,PER,,
Ica,Peru,8/27/20 12:30,-14.235097,-75.574821,18833,1426,,17407,,1931.193601,,,7.57181543,60411,PER,,
Junin,Peru,8/27/20 12:30,-11.541783,-74.876968,13555,611,,12944,,995.5930959,,,4.507561785,60412,PER,,
La Libertad,Peru,8/27/20 12:30,-7.92139,-78.370238,21261,2012,,19249,,1054.194764,,,9.463336626,60413,PER,,
Lambayeque,Peru,8/27/20 12:30,-6.353049,-79.824113,21310,1575,,19735,,1625.724748,,,7.390896293,60414,PER,,
Lima,Peru,8/27/20 12:30,-11.766533,-76.604498,293253,12386,,280867,,2759.119349,,,4.223656706,60415,PER,,
Loreto,Peru,8/27/20 12:30,-4.124847,-74.424115,14593,919,,13674,,1420.105099,,,6.297539916,60416,PER,,
Madre de Dios,Peru,8/27/20 12:30,-11.972699,-70.53172,5449,129,,5320,,3135.212888,,,2.367406864,60417,PER,,
Moquegua,Peru,8/27/20 12:30,-16.860271,-70.839046,8098,214,,7884,,4202.38713,,,2.642627809,60418,PER,,
Pasco,Peru,8/27/20 12:30,-10.39655,-75.307635,3486,82,,3404,,1282.089003,,,2.352266208,60419,PER,,
Piura,Peru,8/27/20 12:30,-5.133361,-80.335861,26832,1791,,25041,,1310.15625,,,6.674865832,60420,PER,,
Puno,Peru,8/27/20 12:30,-14.995827,-69.922726,7536,207,,7329,,608.723748,,,2.746815287,60421,PER,,
San Martin,Peru,8/27/20 12:30,-7.039531,-76.729127,12601,652,,11949,,1400.733659,,,5.174192524,60422,PER,,
Tacna,Peru,8/27/20 12:30,-17.644161,-70.27756,7550,126,,7424,,2035.040431,,,1.668874172,60423,PER,,
Tumbes,Peru,8/27/20 12:30,-3.857496,-80.545255,5532,272,,5260,,2199.602386,,,4.916847433,60424,PER,,
Ucayali,Peru,8/27/20 12:30,-9.621718,-73.444929,13045,289,,12756,,2214.39484,,,2.215408202,60425,PER,,
Unknown,Peru,8/27/20 12:30,,,0,0,421877,-421877,,,,,,60426,PER,,
Adygea Republic,Russia,8/27/20 12:30,44.6939006,40.1520421,3308,26,2803,479,,729.6372106,,,0.785973398,64301,RUS,,
Altai Krai,Russia,8/27/20 12:30,52.6932243,82.6931424,11456,112,10103,1241,,487.4727669,,,0.977653631,64302,RUS,,
Altai Republic,Russia,8/27/20 12:30,50.7114101,86.8572186,2075,8,1757,310,,951.5598703,,,0.385542169,64303,RUS,,
Amur Oblast,Russia,8/27/20 12:30,52.8032368,128.437295,3274,47,2939,288,,410.0578139,,,1.435552841,64304,RUS,,
Arkhangelsk Oblast,Russia,8/27/20 12:30,63.5589686,43.1221646,10515,248,8916,1351,,910.3675409,,,2.358535426,64305,RUS,,
Astrakhan Oblast,Russia,8/27/20 12:30,47.1878186,47.608851,5551,69,5007,475,,545.5453193,,,1.243019276,64306,RUS,,
Bashkortostan Republic,Russia,8/27/20 12:30,54.8573563,57.1439682,7667,28,6837,802,,188.6893217,,,0.365201513,64307,RUS,,
Belgorod Oblast,Russia,8/27/20 12:30,50.7080119,37.5837615,7195,51,6418,726,,464.2306868,,,0.708825573,64308,RUS,,
Bryansk Oblast,Russia,8/27/20 12:30,52.8873315,33.415853,8097,35,6666,1396,,668.6309128,,,0.432258861,64309,RUS,,
Buryatia Republic,Russia,8/27/20 12:30,52.7182426,109.492143,5042,46,4355,641,,512.132419,,,0.912336374,64310,RUS,,
Chechen Republic,Russia,8/27/20 12:30,43.3976147,45.6985005,2249,38,1565,646,,156.5086804,,,1.68963984,64311,RUS,,
Chelyabinsk Oblast,Russia,8/27/20 12:30,54.4223954,61.1865846,13420,104,9203,4113,,384.1930057,,,0.774962742,64312,RUS,,
Chukotka Autonomous Okrug,Russia,8/27/20 12:30,66.0006475,169.4900869,170,2,161,7,,344.492178,,,1.176470588,64313,RUS,,
Chuvashia Republic,Russia,8/27/20 12:30,55.4259922,47.0849429,7651,68,6313,1270,,621.4681464,,,0.888772709,64314,RUS,,
Dagestan Republic,Russia,8/27/20 12:30,43.0574916,47.1332224,10716,489,9479,748,,349.7520305,,,4.563269877,64315,RUS,,
Ingushetia Republic,Russia,8/27/20 12:30,43.11542075,45.01713552,4277,76,3808,393,,876.3572062,,,1.776946458,64316,RUS,,
Irkutsk Oblast,Russia,8/27/20 12:30,56.6370122,104.719221,16510,248,12543,3719,,686.7163437,,,1.502119927,64317,RUS,,
Ivanovo Oblast,Russia,8/27/20 12:30,56.9167446,41.4352137,7248,117,6004,1127,,714.3378085,,,1.614238411,64318,RUS,,
Jewish Autonomous Okrug,Russia,8/27/20 12:30,48.57527615,132.6630746,605,9,550,46,,373.4245189,,,1.487603306,64319,RUS,,
Kabardino-Balkarian Republic,Russia,8/27/20 12:30,43.4806048,43.5978976,6417,77,6027,313,,741.1402727,,,1.199937666,64320,RUS,,
Kaliningrad Oblast,Russia,8/27/20 12:30,54.7293041,21.1489473,3348,58,2750,540,,336.6180742,,,1.732377539,64321,RUS,,
Kalmykia Republic,Russia,8/27/20 12:30,46.2313018,45.3275745,3913,52,2592,1269,,1420.775345,,,1.328903654,64322,RUS,,
Kaluga Oblast,Russia,8/27/20 12:30,54.4382773,35.5272854,7936,67,6799,1070,,784.1463318,,,0.844254032,64323,RUS,,
Kamchatka Krai,Russia,8/27/20 12:30,57.1914882,160.0383819,3803,42,3143,618,,1205.17054,,,1.10439127,64324,RUS,,
Karachay-Cherkess Republic,Russia,8/27/20 12:30,43.7368326,41.7267991,4937,26,4333,578,,1058.749102,,,0.526635609,64325,RUS,,
Karelia Republic,Russia,8/27/20 12:30,62.6194031,33.4920267,2992,16,2136,840,,480.6549245,,,0.534759358,64326,RUS,,
Kemerovo Oblast,Russia,8/27/20 12:30,54.5335781,87.342861,6060,35,4245,1780,,224.8711166,,,0.577557756,64327,RUS,,
Khabarovsk Krai,Russia,8/27/20 12:30,51.6312684,136.121524,9860,86,7694,2080,,742.3010731,,,0.872210953,64328,RUS,,
Khakassia Republic,Russia,8/27/20 12:30,53.72258845,91.44293627,3345,41,3079,225,,622.3105302,,,1.225710015,64329,RUS,,
Khanty-Mansi Autonomous Okrug,Russia,8/27/20 12:30,61.0259025,69.0982628,19350,162,17995,1193,,1262.854521,,,0.837209302,64330,RUS,,
Kirov Oblast,Russia,8/27/20 12:30,57.9665589,49.4074599,6298,97,5018,1183,,490.7897054,,,1.540171483,64331,RUS,,
Komi Republic,Russia,8/27/20 12:30,63.9881421,54.3326073,6453,83,5443,927,,767.4167205,,,1.286223462,64332,RUS,,
Kostroma Oblast,Russia,8/27/20 12:30,58.424756,44.2533273,3393,40,2352,1001,,527.4169781,,,1.178897731,64333,RUS,,
Krasnodar Krai,Russia,8/27/20 12:30,45.7684014,39.0261044,10857,172,9085,1600,,193.75667,,,1.584231371,64334,RUS,,
Krasnoyarsk Krai,Russia,8/27/20 12:30,63.3233807,97.0979974,16428,450,13195,2783,,571.1113205,,,2.739225712,64335,RUS,,
Kurgan Oblast,Russia,8/27/20 12:30,55.7655302,64.5632681,2891,17,2489,385,,341.9128909,,,0.588031823,64336,RUS,,
Kursk Oblast,Russia,8/27/20 12:30,51.6568453,36.4852695,7008,53,5941,1014,,628.386612,,,0.756278539,64337,RUS,,
Leningrad Oblast,Russia,8/27/20 12:30,60.1853296,32.3925325,6685,79,4916,1690,,368.5599862,,,1.181750187,64338,RUS,,
Lipetsk Oblast,Russia,8/27/20 12:30,52.6935178,39.1122664,5001,26,4562,413,,434.7935709,,,0.519896021,64339,RUS,,
Magadan Oblast,Russia,8/27/20 12:30,62.48858785,153.9903764,1825,18,1521,286,,1266.560715,,,0.98630137,64340,RUS,,
Mari El Republic,Russia,8/27/20 12:30,56.5767504,47.8817512,4194,39,3711,444,,614.6558938,,,0.929899857,64341,RUS,,
Mordovia Republic,Russia,8/27/20 12:30,54.4419829,44.4661144,5334,38,4192,1104,,662.5626043,,,0.712410949,64342,RUS,,
Moscow,Russia,8/27/20 12:30,55.7504461,37.6174943,259707,4776,209628,45303,,2076.581494,,,1.838995483,64343,RUS,,
Moscow Oblast,Russia,8/27/20 12:30,55.5043158,38.0353929,67599,1174,51035,15390,,900.9133878,,,1.736712082,64344,RUS,,
Murmansk Oblast,Russia,8/27/20 12:30,68.0000418,33.9999151,12565,157,10104,2304,,1667.425291,,,1.249502587,64345,RUS,,
Nenets Autonomous Okrug,Russia,8/27/20 12:30,68.27557185,57.1686375,311,0,113,198,,706.8663773,,,0,64346,RUS,,
Nizhny Novgorod Oblast,Russia,8/27/20 12:30,55.4718033,44.0911594,27129,456,24248,2425,,838.6732584,,,1.680858122,64347,RUS,,
North Ossetia - Alania Republic,Russia,8/27/20 12:30,42.7933611,44.6324493,4840,67,4351,422,,689.6895684,,,1.384297521,64348,RUS,,
Novgorod Oblast,Russia,8/27/20 12:30,58.2843833,32.5169757,4254,72,3095,1087,,701.4292404,,,1.692524683,64349,RUS,,
Novosibirsk Oblast,Russia,8/27/20 12:30,54.9720169,79.4813924,11192,349,9892,951,,401.3125128,,,3.118298785,64350,RUS,,
Omsk Oblast,Russia,8/27/20 12:30,56.0935263,73.5099936,9115,171,7240,1704,,465.0318023,,,1.876028524,64351,RUS,,
Orel Oblast,Russia,8/27/20 12:30,52.9685433,36.0692477,6849,104,5419,1326,,916.5644024,,,1.51846985,64352,RUS,,
Orenburg Oblast,Russia,8/27/20 12:30,52.0269262,54.7276647,9610,74,8137,1399,,485.9130716,,,0.770031217,64353,RUS,,
Penza Oblast,Russia,8/27/20 12:30,53.1655415,44.7879181,7863,105,7417,341,,590.4682519,,,1.33536818,64354,RUS,,
Perm Krai,Russia,8/27/20 12:30,58.5951603,56.3159546,7638,206,5355,2077,,291.1797469,,,2.69704111,64355,RUS,,
Primorsky Krai,Russia,8/27/20 12:30,45.0819456,134.726645,9284,101,7469,1714,,485.3016434,,,1.08789315,64356,RUS,,
Pskov Oblast,Russia,8/27/20 12:30,57.5358729,28.8586826,4527,62,3241,1224,,711.1819099,,,1.369560415,64357,RUS,,
Rostov Oblast,Russia,8/27/20 12:30,47.6222451,40.7957942,16406,332,14101,1973,,388.7261364,,,2.023649884,64358,RUS,,
Ryazan Oblast,Russia,8/27/20 12:30,54.4226732,40.5705246,7047,43,6192,812,,628.3694495,,,0.610188733,64359,RUS,,
Saint Petersburg,Russia,8/27/20 12:30,59.9606739,30.1586551,35917,2392,25444,8081,,671.1030683,,,6.659798981,64360,RUS,,
Sakha (Yakutiya) Republic,Russia,8/27/20 12:30,66.941626,129.642371,7210,79,5870,1261,,747.6693663,,,1.095700416,64361,RUS,,
Sakhalin Oblast,Russia,8/27/20 12:30,49.7219665,143.448533,4210,0,2485,1725,,858.8664187,,,0,64362,RUS,,
Samara Oblast,Russia,8/27/20 12:30,53.2128813,50.8914633,8200,124,6681,1395,,256.7704416,,,1.512195122,64363,RUS,,
Saratov Oblast,Russia,8/27/20 12:30,51.6520555,46.8631952,11974,69,7768,4137,,486.1649648,,,0.576248539,64364,RUS,,
Smolensk Oblast,Russia,8/27/20 12:30,55.0343496,33.0192065,6102,126,5217,759,,642.7569237,,,2.064896755,64365,RUS,,
Stavropol Krai,Russia,8/27/20 12:30,44.8632577,43.4406913,11481,224,7795,3462,,409.9370366,,,1.95104956,64366,RUS,,
Sverdlovsk Oblast,Russia,8/27/20 12:30,58.6414755,61.8021546,24839,435,19744,4660,,574.2781468,,,1.751278232,64367,RUS,,
Tambov Oblast,Russia,8/27/20 12:30,52.9019574,41.3578918,6655,45,5705,905,,643.8960014,,,0.676183321,64368,RUS,,
Tatarstan Republic,Russia,8/27/20 12:30,55.7648572,52.43104273,6396,32,5235,1129,,164.2407179,,,0.500312695,64369,RUS,,
Tomsk Oblast,Russia,8/27/20 12:30,58.6124279,82.0475315,5452,64,4432,956,,505.6200616,,,1.173881145,64370,RUS,,
Tula Oblast,Russia,8/27/20 12:30,53.9570701,37.3690909,9140,315,7909,916,,612.6600776,,,3.446389497,64371,RUS,,
Tver Oblast,Russia,8/27/20 12:30,57.1134475,35.1744428,5308,184,4130,994,,413.4365315,,,3.466465712,64372,RUS,,
Tyumen Oblast,Russia,8/27/20 12:30,58.8206488,70.3658837,7575,30,6914,631,,205.1511212,,,0.396039604,64373,RUS,,
Tyva Republic,Russia,8/27/20 12:30,51.4017149,93.8582593,6730,60,6093,577,,2091.868135,,,0.891530461,64374,RUS,,
Udmurt Republic,Russia,8/27/20 12:30,57.1961165,52.6959832,3062,45,2561,456,,202.3734934,,,1.469627694,64375,RUS,,
Ulyanovsk Oblast,Russia,8/27/20 12:30,54.1463177,47.2324921,11718,91,8970,2657,,939.9832186,,,0.776583035,64376,RUS,,
Vladimir Oblast,Russia,8/27/20 12:30,56.0503336,40.6561633,6212,193,5424,595,,450.6880393,,,3.106889891,64377,RUS,,
Volgograd Oblast,Russia,8/27/20 12:30,49.6048339,44.2903582,11729,87,8255,3387,,465.2009538,,,0.741751215,64378,RUS,,
Vologda Oblast,Russia,8/27/20 12:30,60.0391461,43.1215213,3244,34,2796,414,,275.6888184,,,1.048088779,64379,RUS,,
Voronezh Oblast,Russia,8/27/20 12:30,50.9800393,40.1506507,13736,107,12288,1341,,588.576071,,,0.778974956,64380,RUS,,
Yamalo-Nenets Autonomous Okrug,Russia,8/27/20 12:30,67.1471631,74.3415488,13222,90,12804,328,,2455.124622,,,0.680683709,64381,RUS,,
Yaroslavl Oblast,Russia,8/27/20 12:30,57.7781976,39.0021095,7077,33,6277,767,,559.1443046,,,0.466299279,64382,RUS,,
Zabaykalsky Krai,Russia,8/27/20 12:30,52.248521,115.956325,4493,55,4150,288,,418.8082468,,,1.224126419,64383,RUS,,
Andalusia,Spain,8/27/20 12:30,37.5443,-4.7278,26017,1475,10671,13871,,308.7189948,,,5.669370027,72401,ESP,,
Aragon,Spain,8/27/20 12:30,41.5976,-0.9057,25077,1096,3772,20209,,1898.929718,,,4.370538741,72402,ESP,,
Asturias,Spain,8/27/20 12:30,43.3614,-5.8593,3149,335,1063,1751,,308.059538,,,10.63829787,72403,ESP,,
Baleares,Spain,8/27/20 12:30,39.710358,2.995148,6939,231,1533,5175,,583.9827641,,,3.329009944,72404,ESP,,
C. Valenciana,Spain,8/27/20 12:30,39.484,-0.7533,20748,1454,9970,9324,,417.0478248,,,7.007904376,72411,ESP,,
Canarias,Spain,8/27/20 12:30,28.2916,-16.6291,5516,169,1537,3810,,249.9432462,,,3.063814358,72405,ESP,,
Cantabria,Spain,8/27/20 12:30,43.1828,-3.9878,3651,221,2287,1143,,627.7067813,,,6.053136127,72406,ESP,,
Castilla - La Mancha,Spain,8/27/20 12:30,39.2796,-3.0977,22342,3041,6392,12909,,1097.953341,,,13.61113598,72407,ESP,,
Castilla y Leon,Spain,8/27/20 12:30,41.8357,-4.3976,26478,2817,8716,14945,,1099.706654,,,10.63902107,72408,ESP,,
Catalonia,Spain,8/27/20 12:30,41.5912,1.5209,104084,5740,26203,72141,,1375.602315,,,5.514776527,72409,ESP,,
Ceuta,Spain,8/27/20 12:30,35.8894,-5.3213,241,4,163,74,,284.100956,,,1.659751037,72410,ESP,,
Extremadura,Spain,8/27/20 12:30,39.4937,-6.0679,4566,526,2652,1388,,428.5617745,,,11.51992992,72412,ESP,,
Galicia,Spain,8/27/20 12:30,42.5751,-8.1339,13081,633,9204,3244,,484.4023624,,,4.839079581,72413,ESP,,
La Rioja,Spain,8/27/20 12:30,42.2871,-2.5396,5208,369,3107,1732,,1660.867874,,,7.085253456,72419,ESP,,
Madrid,Spain,8/27/20 12:30,40.4168,-3.7038,112514,8592,40736,63186,,1694.067241,,,7.636383028,72414,ESP,,
Melilla,Spain,8/27/20 12:30,35.2923,-2.9381,285,2,125,158,,336.5254047,,,0.701754386,72415,ESP,,
Murcia,Spain,8/27/20 12:30,37.9922,-1.1307,4875,155,2180,2540,,327.6951837,,,3.179487179,72416,ESP,,
Navarra,Spain,8/27/20 12:30,42.6954,-1.6761,9123,533,3905,4685,,1403.655073,,,5.842376411,72417,ESP,,
Pais Vasco,Spain,8/27/20 12:30,42.9896,-2.6189,25955,1578,16160,8217,,1191.755285,,,6.079753419,72418,ESP,,
Unknown,Spain,8/27/20 12:30,,,0,0,,0,,,,,,72420,ESP,,
Blekinge,Sweden,8/27/20 12:30,56.2784,15.018,597,16,,581,,374.0460885,,,2.680067002,75201,SWE,,
Dalarna,Sweden,8/27/20 12:30,61.0917,14.6664,2116,174,,1942,,734.8089705,,,8.223062382,75202,SWE,,
Gavleborg,Sweden,8/27/20 12:30,61.3012,16.1534,3179,162,,3017,,1106.193151,,,5.09594212,75203,SWE,,
Gotland,Sweden,8/27/20 12:30,57.4684,18.4867,315,6,,309,,527.7619542,,,1.904761905,75204,SWE,,
Halland,Sweden,8/27/20 12:30,56.8967,12.8034,2106,81,,2025,,630.8260046,,,3.846153846,75205,SWE,,
Jamtland Harjedalen,Sweden,8/27/20 12:30,63.1712,14.9592,1177,64,,1113,,899.7783044,,,5.437553101,75206,SWE,,
Jonkoping,Sweden,8/27/20 12:30,57.3708,14.3439,4928,181,,4747,,1355.339261,,,3.67288961,75207,SWE,,
Kalmar,Sweden,8/27/20 12:30,57.235,16.1849,873,63,,810,,355.6790496,,,7.216494845,75208,SWE,,
Kronoberg,Sweden,8/27/20 12:30,56.7183,14.4115,1379,108,,1271,,684.4725491,,,7.831762146,75209,SWE,,
Norrbotten,Sweden,8/27/20 12:30,66.8309,20.3992,1657,88,,1569,,662.5535301,,,5.310802655,75210,SWE,,
Orebro,Sweden,8/27/20 12:30,59.535,15.0066,2655,171,,2484,,871.0487033,,,6.440677966,75211,SWE,,
Ostergotland,Sweden,8/27/20 12:30,58.3454,15.5198,3785,263,,3522,,813.1129228,,,6.948480845,75212,SWE,,
Skane,Sweden,8/27/20 12:30,55.9903,13.5958,4631,285,,4346,,336.10896,,,6.154178363,75213,SWE,,
Sormland,Sweden,8/27/20 12:30,59.0336,16.7519,2420,253,,2167,,813.336022,,,10.45454545,75214,SWE,,
Stockholm,Sweden,8/27/20 12:30,59.6025,18.1384,22942,2392,,20550,,965.1332874,,,10.42629239,75215,SWE,,
Uppsala,Sweden,8/27/20 12:30,60.0092,17.2715,3755,242,,3513,,978.5959819,,,6.444740346,75216,SWE,,
Varmland,Sweden,8/27/20 12:30,59.7294,13.2354,1177,73,,1104,,416.7640414,,,6.202209006,75217,SWE,,
Vasterbotten,Sweden,8/27/20 12:30,65.3337,16.5162,858,31,,827,,315.7476374,,,3.613053613,75218,SWE,,
Vasternorrland,Sweden,8/27/20 12:30,63.4276,17.7292,1845,133,,1712,,751.9961524,,,7.208672087,75219,SWE,,
Vastmanland,Sweden,8/27/20 12:30,59.6714,16.2159,2727,183,,2544,,988.5986695,,,6.710671067,75220,SWE,,
Vastra Gotaland,Sweden,8/27/20 12:30,58.2528,13.0596,18776,851,,17925,,1087.908147,,,4.532381764,75221,SWE,,
Alabama,US,8/27/20 12:30,32.3182,-86.9023,119254,2045,48028,69181,1,2432.174189,943685,14005,1.714827176,84000001,USA,19246.36741,11.74384088
Alaska,US,8/27/20 12:30,61.3707,-152.4044,4895,37,2088,2770,2,669.1317691,334804,,0.75587334,84000002,USA,45766.69925,
American Samoa,US,8/27/20 12:30,-14.271,-170.132,0,0,,0,60,0,1514,,,16,ASM,2721.015079,
Arizona,US,8/27/20 12:30,33.7298,-111.4312,199459,4896,29734,164829,4,2740.30437,1166910,21376,2.454639801,84000004,USA,16031.8089,10.71698946
Arkansas,US,8/27/20 12:30,34.9697,-92.3731,58023,732,51901,5390,5,1922.689479,683273,4061,1.261568688,84000005,USA,22641.39752,6.998948693
California,US,8/27/20 12:30,36.1162,-119.6816,687730,12552,,675178,6,1740.550007,10832757,,1.825134864,84000006,USA,27416.21751,
Colorado,US,8/27/20 12:30,39.0598,-105.3111,55973,1927,5867,48179,8,971.9667649,955641,6894,3.442731317,84000008,USA,16594.63118,12.31665267
Connecticut,US,8/27/20 12:30,41.5978,-72.7554,52220,4463,8893,38864,9,1464.67872,1098035,11087,8.546533895,84000009,USA,30797.94137,21.23132899
Delaware,US,8/27/20 12:30,39.3185,-75.5071,16986,604,9050,7332,10,1744.365164,227095,,3.55586954,84000010,USA,23321.35918,
Diamond Princess,US,8/27/20 12:30,,,49,0,,49,88888,,,,0,84088888,USA,,
District of Columbia,US,8/27/20 12:30,38.8974,-77.0268,13684,605,10923,2156,11,1938.932963,273748,,4.421221865,84000011,USA,38788.29442,
Florida,US,8/27/20 12:30,27.7663,-81.6868,608722,10733,,597989,12,2834.199897,4492818,37847,1.76320225,84000012,USA,20918.48876,6.217452302
Georgia,US,8/27/20 12:30,33.0406,-83.6431,260590,5311,,255279,13,2454.362042,2248901,23939,2.038067462,84000013,USA,21181.23202,9.186461491
Grand Princess,US,8/27/20 12:30,,,103,3,,100,99999,,,,2.912621359,84099999,USA,,
Guam,US,8/27/20 12:30,13.4443,144.7937,1232,9,435,788,66,750.1720159,35354,,0.730519481,316,GUM,21527.25767,
Hawaii,US,8/27/20 12:30,21.0943,-157.4983,7260,51,2236,4973,15,512.7582154,183157,419,0.702479339,84000015,USA,12935.98574,5.771349862
Idaho,US,8/27/20 12:30,44.2405,-114.4788,30771,337,13353,17081,16,1721.873575,244862,1285,1.095187027,84000016,USA,13701.90788,4.176009879
Illinois,US,8/27/20 12:30,40.3495,-88.9861,227043,8163,,218880,17,1791.71565,3832829,,3.595354184,84000017,USA,30246.86823,
Indiana,US,8/27/20 12:30,39.8494,-86.2583,89359,3259,67673,18427,18,1327.333529,1022537,10605,3.647086471,84000018,USA,15188.70673,11.86785886
Iowa,US,8/27/20 12:30,42.0115,-93.2105,59101,1077,44903,13121,19,1873.207251,593808,,1.822304191,84000019,USA,18820.75517,
Kansas,US,8/27/20 12:30,38.5266,-96.7265,39880,442,1624,37814,20,1368.887803,395097,2226,1.108324975,84000020,USA,13561.77192,5.581745236
Kentucky,US,8/27/20 12:30,37.6681,-84.6701,45230,902,9594,34734,21,1012.383852,783389,4446,1.994251603,84000021,USA,17534.60918,9.82975901
Louisiana,US,8/27/20 12:30,31.1695,-91.8678,144960,4851,127918,12191,22,3118.228082,1808167,,3.346440397,84000022,USA,38895.39954,
Maine,US,8/27/20 12:30,44.6939,-69.3819,4389,132,3818,439,23,326.5109968,241996,412,3.007518797,84000023,USA,18002.81503,9.387104124
Maryland,US,8/27/20 12:30,39.0639,-76.8021,105486,3717,6061,95708,24,1744.816133,1263171,14090,3.523690348,84000024,USA,20893.7787,13.35722276
Massachusetts,US,8/27/20 12:30,42.2302,-71.5301,126756,8987,103920,13849,25,1839.041637,1634167,12299,7.089999684,84000025,USA,23709.34042,9.702893749
Michigan,US,8/27/20 12:30,43.3266,-84.5361,109480,6690,72580,30210,26,1096.240789,2620352,,6.110705152,84000026,USA,26238.00461,
Minnesota,US,8/27/20 12:30,45.6945,-93.9002,71236,1840,64374,5022,27,1263.132063,1079047,6274,2.58296367,84000027,USA,19133.28742,8.807344601
Mississippi,US,8/27/20 12:30,32.7416,-89.6787,80110,2373,62707,15030,28,2691.733512,551790,5234,2.962177007,84000028,USA,18540.40238,6.533516415
Missouri,US,8/27/20 12:30,38.4561,-92.2884,78743,1481,,77262,29,1282.996721,932140,,1.880802103,84000029,USA,15187.79528,
Montana,US,8/27/20 12:30,46.9219,-110.4544,6785,98,4983,1704,30,634.8371692,238260,402,1.444362564,84000030,USA,22292.74929,5.924834193
Nebraska,US,8/27/20 12:30,41.1254,-98.2681,32727,386,24524,7817,31,1691.835435,344760,1946,1.179454273,84000031,USA,17822.50694,5.946160662
Nevada,US,8/27/20 12:30,38.3135,-117.0554,66666,1250,1705,63711,32,2164.370896,581155,,1.87501875,84000032,USA,18867.71319,
New Hampshire,US,8/27/20 12:30,43.4525,-71.5639,7156,429,6510,217,33,526.2883069,201835,713,5.994969257,84000033,USA,14843.96317,9.963666853
New Jersey,US,8/27/20 12:30,40.2989,-74.521,190306,15914,33692,140700,34,2142.557185,2721584,22509,8.362321734,84000034,USA,30640.91176,11.82779313
New Mexico,US,8/27/20 12:30,34.8405,-106.2485,24732,755,11909,12068,35,1179.495324,728627,3050,3.052725214,84000035,USA,34748.99479,12.3322012
New York,US,8/27/20 12:30,42.1657,-74.9481,431340,32921,74791,323628,36,2217.280425,7821634,89995,7.632262253,84000036,USA,40206.69532,20.86405156
North Carolina,US,8/27/20 12:30,35.6301,-79.8064,158985,2606,136630,19749,37,1515.863145,2121001,,1.639148347,84000037,USA,20222.95969,
North Dakota,US,8/27/20 12:30,47.5289,-99.784,10800,139,8545,2116,38,1417.207524,195118,525,1.287037037,84000038,USA,25603.95348,4.861111111
Northern Mariana Islands,US,8/27/20 12:30,15.0979,145.6739,54,2,29,23,69,97.9254316,12921,4,3.703703704,580,MNP,23431.37966,7.407407407
Ohio,US,8/27/20 12:30,40.3888,-82.7649,117584,4044,97823,15717,39,1005.9286,2047906,13043,3.439243434,84000039,USA,17519.79194,11.09249558
Oklahoma,US,8/27/20 12:30,35.5653,-96.9289,54838,763,46414,7661,40,1385.858021,837384,4609,1.391370947,84000040,USA,21162.24759,8.404755826
Oregon,US,8/27/20 12:30,44.572,-122.0709,25571,433,4747,20391,41,606.2729848,532738,2063,1.693324469,84000041,USA,12630.89662,8.067732979
Pennsylvania,US,8/27/20 12:30,40.5908,-77.2098,135279,7613,105734,21932,42,1056.702986,1588178,,5.627628826,84000042,USA,12405.71289,
Puerto Rico,US,8/27/20 12:30,18.2208,-66.5901,31383,412,,30971,72,1069.847768,336716,,1.312812669,630,PRI,11478.66236,
Rhode Island,US,8/27/20 12:30,41.6809,-71.5118,21454,1041,2069,18344,44,2025.183106,485026,2478,4.852242006,84000044,USA,45784.77025,11.55029365
South Carolina,US,8/27/20 12:30,33.8569,-80.945,114093,2573,51431,60089,45,2215.951401,910079,7598,2.255177794,84000045,USA,17675.85071,6.659479547
South Dakota,US,8/27/20 12:30,44.2998,-99.4388,11571,162,9896,1513,46,1307.961599,137765,981,1.400051854,84000046,USA,15572.66698,8.478091781
Tennessee,US,8/27/20 12:30,35.7478,-86.6923,147353,1648,109765,35940,47,2157.69872,2102121,6603,1.118402747,84000047,USA,30781.4825,4.481076055
Texas,US,8/27/20 12:30,31.0545,-97.5635,610648,12140,472421,126087,48,2105.981881,4764640,,1.988052037,84000048,USA,16432.12703,
Utah,US,8/27/20 12:30,40.15,-111.8624,50174,401,41937,7836,49,1565.023622,637329,2996,0.799218719,84000049,USA,19879.51807,5.971220154
Vermont,US,8/27/20 12:30,44.0459,-72.7107,1577,58,1388,131,50,252.7288141,122841,,3.677869372,84000050,USA,19686.40473,
Virgin Islands,US,8/27/20 12:30,18.3358,-64.8963,1030,14,801,215,78,960.2118059,14965,,1.359223301,850,VIR,13951.03852,
Virginia,US,8/27/20 12:30,37.7693,-78.17,115448,2515,14682,98251,51,1352.559815,1507542,15852,2.178469961,84000051,USA,17661.984,13.73085718
Washington,US,8/27/20 12:30,47.4009,-121.4905,72161,1880,,70281,53,947.6298616,1380104,6595,2.605285403,84000053,USA,18123.74777,9.139285764
West Virginia,US,8/27/20 12:30,38.4912,-80.9545,9544,190,7601,1753,54,532.5456003,409605,,1.990779547,84000054,USA,22855.54701,
Wisconsin,US,8/27/20 12:30,44.2685,-89.6165,72260,1100,63730,7430,55,1241.061728,1215673,5651,1.522280653,84000055,USA,20879.12031,7.820370883
Wyoming,US,8/27/20 12:30,42.756,-107.3025,3680,37,3028,615,56,635.8432439,70578,213,1.005434783,84000056,USA,12194.71317,5.788043478
Cherkasy Oblast,Ukraine,8/27/20 12:30,49.4444,32.0598,1318,38,912,368,,109.2551007,,,2.883156297,80401,UKR,,
Chernihiv Oblast,Ukraine,8/27/20 12:30,51.4982,31.2893,1618,22,564,1032,,160.8757687,,,1.359703337,80402,UKR,,
Chernivtsi Oblast,Ukraine,8/27/20 12:30,48.2917,25.9352,9700,270,6029,3401,,1072.565111,,,2.783505155,80403,UKR,,
Crimea Republic*,Ukraine,8/27/20 12:30,45.2835,34.2008,2131,28,1557,546,,111.353163,,,1.313937119,80404,UKR,,
Dnipropetrovsk Oblast,Ukraine,8/27/20 12:30,48.4647,35.0462,2095,44,1193,858,,65.33650483,,,2.100238663,80405,UKR,,
Donetsk Oblast,Ukraine,8/27/20 12:30,48.0159,37.8028,1278,20,857,401,,30.67763732,,,1.564945227,80406,UKR,,
Ivano-Frankivsk Oblast,Ukraine,8/27/20 12:30,48.9226,24.7111,8485,204,3098,5183,,617.8763985,,,2.404242781,80407,UKR,,
Kharkiv Oblast,Ukraine,8/27/20 12:30,49.9935,36.2304,8202,196,3094,4912,,306.5482931,,,2.389661058,80408,UKR,,
Kherson Oblast,Ukraine,8/27/20 12:30,46.6354,32.6169,363,9,247,107,,34.98323118,,,2.479338843,80409,UKR,,
Khmelnytskyi Oblast,Ukraine,8/27/20 12:30,49.423,26.9871,2102,41,1240,821,,166.2047671,,,1.950523311,80410,UKR,,
Kiev,Ukraine,8/27/20 12:30,50.4501,30.5234,12468,178,3975,8315,,422.5294835,,,1.427654796,80411,UKR,,
Kiev Oblast,Ukraine,8/27/20 12:30,50.053,30.7667,5305,91,3507,1707,,300.0667443,,,1.715362865,80412,UKR,,
Kirovohrad Oblast,Ukraine,8/27/20 12:30,48.5079,32.2623,780,45,677,58,,82.49175876,,,5.769230769,80413,UKR,,
Luhansk Oblast,Ukraine,8/27/20 12:30,48.574,39.3078,264,2,167,95,,12.26861006,,,0.757575758,80414,UKR,,
Lviv Oblast,Ukraine,8/27/20 12:30,49.8397,24.0297,13763,374,4061,9328,,545.7131404,,,2.717430793,80415,UKR,,
Mykolaiv Oblast,Ukraine,8/27/20 12:30,46.975,31.9946,1040,22,560,458,,41.23677003,,,2.115384615,80416,UKR,,
Odessa Oblast,Ukraine,8/27/20 12:30,46.4846,30.7326,6537,93,1689,4755,,274.6283254,,,1.42267095,80417,UKR,,
Poltava Oblast,Ukraine,8/27/20 12:30,49.5883,34.5514,695,18,483,194,,49.62729544,,,2.589928058,80418,UKR,,
Rivne Oblast,Ukraine,8/27/20 12:30,50.6199,26.2516,8818,124,6211,2483,,761.9452502,,,1.406214561,80419,UKR,,
Sevastopol*,Ukraine,8/27/20 12:30,44.6054,33.522,473,18,375,80,,106.7211779,,,3.805496829,80420,UKR,,
Sumy Oblast,Ukraine,8/27/20 12:30,50.9077,34.7981,1302,20,570,712,,120.3974781,,,1.53609831,80421,UKR,,
Ternopil Oblast,Ukraine,8/27/20 12:30,49.5535,25.5948,5245,61,2882,2302,,501.4920464,,,1.163012393,80422,UKR,,
Vinnytsia Oblast,Ukraine,8/27/20 12:30,49.2331,28.4682,3736,77,2698,961,,239.4267089,,,2.061027837,80423,UKR,,
Volyn Oblast,Ukraine,8/27/20 12:30,50.7472,25.3254,5268,116,3766,1386,,508.8232737,,,2.201974184,80424,UKR,,
Zakarpattia Oblast,Ukraine,8/27/20 12:30,48.6208,22.2879,7225,252,3125,3848,,574.8717777,,,3.487889273,80425,UKR,,
Zaporizhia Oblast,Ukraine,8/27/20 12:30,47.8388,35.1396,1454,25,818,611,,85.23679885,,,1.719394773,80426,UKR,,
Zhytomyr Oblast,Ukraine,8/27/20 12:30,50.2547,28.6587,2998,61,1794,1143,,245.6988362,,,2.034689793,80427,UKR,,
Anguilla,United Kingdom,8/27/20 12:30,18.2206,-63.0686,3,0,3,0,,19.99733369,,,0,660,AIA,,
Bermuda,United Kingdom,8/27/20 12:30,32.3078,-64.7505,168,9,151,8,,269.7798404,,,5.357142857,60,BMU,,
British Virgin Islands,United Kingdom,8/27/20 12:30,18.4207,-64.64,26,1,8,17,,85.98736647,,,3.846153846,92,VGB,,
Cayman Islands,United Kingdom,8/27/20 12:30,19.3133,-81.2546,205,1,202,2,,311.9293974,,,0.487804878,136,CYM,,
Channel Islands,United Kingdom,8/27/20 12:30,49.3723,-2.3644,623,48,545,30,,365.3980375,,,7.704654896,8261,GBR,,
England,United Kingdom,8/27/20 12:30,52.3555,-1.1743,284155,36818,,247337,,507.6263193,,,12.9570129,82601,GBR,,
Falkland Islands (Malvinas),United Kingdom,8/27/20 12:30,-51.7963,-59.5236,13,0,13,0,,373.2414585,,,0,238,FLK,,
Gibraltar,United Kingdom,8/27/20 12:30,36.1408,-5.3536,270,0,203,67,,801.4009676,,,0,292,GIB,,
Isle of Man,United Kingdom,8/27/20 12:30,54.2361,-4.5481,336,24,312,0,,395.145357,,,7.142857143,833,IMN,,
Montserrat,United Kingdom,8/27/20 12:30,16.742498,-62.187366,13,1,12,0,,260.0520104,,,7.692307692,500,MSR,,
Northern Ireland,United Kingdom,8/27/20 12:30,54.7877,-6.4923,6895,559,,6336,,366.4434524,,,8.107324148,82602,GBR,,
Scotland,United Kingdom,8/27/20 12:30,56.4907,-4.2026,19988,2494,,17494,,365.8594622,,,12.47748649,82603,GBR,,
Turks and Caicos Islands,United Kingdom,8/27/20 12:30,21.694,-71.7979,464,3,102,359,,1198.409009,,,0.646551724,796,TCA,,
Unknown,United Kingdom,8/27/20 12:30,,,0,0,,0,,,,,,82605,GBR,,
Wales,United Kingdom,8/27/20 12:30,52.1307,-3.7837,17808,1594,,16214,,567.3867329,,,8.951033243,82604,GBR,,